date,category,n_trades,pnl,n_pre,n_h,n_l,lh_pct,ll_pct,mean_adx,h1,h3,h6,h_trend,vd_high,vd_low,coarse
2025-01-01,neutral,0,0.0,6,3,3,100.0,100.0,12.165305270950128,20.0,18.7,16.8,expanding,3.133333333333136,3.666666666667003,trending_down
2025-01-02,bad,2,-95.93887299038124,6,5,1,50.0,,17.621214576956373,7.2,7.8,7.0,stable,1.9199999999988115,3.9999999999995595,transitioning
2025-01-03,neutral,0,0.0,6,3,3,50.0,50.0,25.53615238088074,11.4,14.0,10.7,stable,5.733333333333146,5.066666666666553,ranging
2025-01-05,neutral,0,0.0,6,3,3,50.0,50.0,19.53126088826863,29.7,19.9,14.5,expanding,3.700000000000555,11.899999999999503,ranging
2025-01-06,neutral,0,0.0,6,3,3,0.0,0.0,15.428666773388132,7.6,14.6,12.9,stable,4.20000000000013,4.999999999999449,trending_up
2025-01-07,good,3,968.4564177908919,6,3,3,0.0,50.0,38.04595690938778,28.3,16.5,13.1,expanding,9.333333333333046,3.4333333333336213,transitioning
2025-01-08,good,1,1080.4852880712751,6,2,4,0.0,66.66666666666667,21.836695816074776,32.1,19.8,14.4,expanding,5.549999999999722,7.499999999999729,transitioning
2025-01-09,bad,2,-87.34072893995653,6,2,4,100.0,100.0,39.745023135127596,47.2,29.7,18.9,expanding,13.449999999999296,10.625000000000217,trending_down
2025-01-10,good,1,1084.568371334632,6,4,2,66.66666666666667,100.0,43.7488440738621,26.0,23.3,18.3,expanding,7.449999999999957,11.500000000000954,transitioning
2025-01-12,neutral,0,0.0,6,3,3,50.0,100.0,14.907703987828263,39.1,19.0,13.7,expanding,5.299999999999934,10.899999999999613,transitioning
2025-01-13,neutral,0,0.0,6,4,2,66.66666666666667,100.0,25.03634161612341,29.0,29.0,26.4,stable,6.199999999999539,5.950000000001232,transitioning
2025-01-14,neutral,0,0.0,6,2,4,0.0,0.0,30.709945911571353,35.3,39.5,24.5,stable,33.15000000000068,12.750000000000261,trending_up
2025-01-15,neutral,0,0.0,6,4,2,33.333333333333336,100.0,18.790498002295905,79.0,51.0,30.0,expanding,9.849999999999582,19.50000000000007,transitioning
2025-01-16,neutral,0,0.0,6,3,3,50.0,50.0,27.48454224186708,12.5,20.8,16.0,stable,4.066666666665923,11.866666666667433,ranging
2025-01-17,good,2,2204.253079648368,6,3,3,100.0,100.0,32.35242306913341,58.6,37.4,21.0,expanding,5.466666666666953,23.000000000000426,trending_down
2025-01-19,neutral,0,0.0,6,3,3,100.0,50.0,14.028407147511755,271.3,94.3,51.5,expanding,2.8999999999997548,89.26666666666675,transitioning
2025-01-20,neutral,0,0.0,6,3,3,50.0,0.0,15.753446021292033,10.7,13.0,13.7,contracting,4.333333333333596,1.8999999999991246,transitioning
2025-01-21,neutral,0,0.0,6,3,3,50.0,100.0,25.270759494841087,34.5,23.7,20.8,expanding,12.133333333333624,19.366666666666976,transitioning
2025-01-22,bad,3,-1327.9299179362254,6,3,3,50.0,100.0,28.7745019049332,17.6,12.8,15.2,stable,10.333333333333675,6.999999999999969,transitioning
2025-01-23,neutral,0,0.0,6,2,4,0.0,66.66666666666667,34.274235244998714,10.6,10.5,13.4,stable,8.80000000000103,7.250000000000312,transitioning
2025-01-24,neutral,0,0.0,6,3,3,50.0,100.0,26.63271762879448,18.8,20.9,19.4,stable,14.866666666666362,15.26666666666676,transitioning
2025-01-26,neutral,0,0.0,6,4,2,33.333333333333336,100.0,21.439279376603093,14.0,10.3,9.9,expanding,5.899999999999794,7.500000000000284,transitioning
2025-01-27,neutral,0,0.0,6,3,3,100.0,100.0,15.377320844699335,14.2,13.4,12.3,expanding,5.666666666666782,2.866666666666203,trending_down
2025-01-28,neutral,0,0.0,6,3,3,50.0,100.0,20.4624027130547,22.9,18.6,14.6,expanding,3.3666666666672582,9.99999999999964,transitioning
2025-01-29,neutral,0,0.0,6,3,3,50.0,100.0,18.84771996475465,12.2,13.5,11.9,stable,4.933333333333086,3.00000000000041,transitioning
2025-01-30,neutral,0,0.0,6,1,5,,75.0,21.634668393465656,16.0,9.3,8.7,expanding,7.099999999999884,3.9999999999995595,transitioning
2025-01-31,bad,2,-99.85991567519022,6,3,3,0.0,0.0,18.786802126923142,13.0,18.2,14.6,stable,5.933333333332976,4.666666666666153,trending_up
2025-02-02,neutral,0,0.0,6,3,3,50.0,50.0,24.929287267390205,13.8,18.2,20.4,contracting,6.066666666666443,1.2999999999996348,ranging
2025-02-03,neutral,0,0.0,6,3,3,50.0,100.0,33.41409475803632,25.2,18.5,15.2,expanding,3.0999999999995844,15.000000000000568,transitioning
2025-02-04,neutral,0,0.0,6,2,4,0.0,33.333333333333336,24.485042489658724,8.0,8.7,11.0,contracting,5.3000000000003045,3.9999999999995595,transitioning
2025-02-05,neutral,0,0.0,6,3,3,0.0,0.0,31.681498031921105,14.3,21.0,15.7,stable,13.499999999998883,9.666666666667082,trending_up
2025-02-06,bad,4,-201.58865986115097,6,5,1,75.0,,20.901726720092977,20.3,14.4,10.4,expanding,3.6199999999997345,32.300000000000665,transitioning
2025-02-07,neutral,0,0.0,6,3,3,50.0,0.0,20.683106852343005,8.0,7.4,6.0,expanding,2.5999999999992696,3.333333333332966,ranging
2025-02-09,neutral,0,0.0,6,4,2,66.66666666666667,100.0,13.346937971482928,11.1,14.9,13.4,stable,3.4250000000007885,8.050000000000557,transitioning
2025-02-10,bad,2,-2351.943335107416,6,2,4,0.0,33.333333333333336,25.213413917655107,13.5,14.5,13.1,stable,14.199999999999768,2.4999999999997247,transitioning
2025-02-11,neutral,0,0.0,6,4,2,33.333333333333336,100.0,19.594046855837576,14.9,14.9,12.4,stable,3.2250000000000334,11.499999999999844,transitioning
2025-02-12,neutral,0,0.0,6,5,1,0.0,,13.694233354765549,12.4,10.1,8.3,expanding,1.9599999999999618,0.9999999999998899,transitioning
2025-02-13,neutral,0,0.0,6,4,2,33.333333333333336,0.0,41.11053270249844,21.6,25.5,18.5,stable,6.050000000000222,6.199999999999539,transitioning
2025-02-14,neutral,0,0.0,6,3,3,0.0,0.0,27.871167834230988,11.0,12.3,13.2,contracting,5.733333333333146,7.00000000000071,trending_up
2025-02-16,neutral,0,0.0,6,4,2,66.66666666666667,100.0,29.792750733229454,6.3,6.4,7.4,contracting,5.975000000000286,7.500000000000284,transitioning
2025-02-17,neutral,0,0.0,6,4,2,33.333333333333336,100.0,19.055036428364303,15.0,14.1,10.1,expanding,5.675000000000541,1.9999999999997797,transitioning
2025-02-18,neutral,0,0.0,6,3,3,50.0,50.0,26.670049655431082,10.9,11.5,13.5,contracting,9.43333333333296,6.666666666665932,ranging
2025-02-19,bad,2,-106.31610042170655,6,2,4,100.0,33.333333333333336,17.659615285870213,18.8,22.8,15.5,stable,11.100000000000554,5.750000000000477,transitioning
2025-02-20,neutral,0,0.0,6,5,1,50.0,,15.871227946023076,12.0,13.7,10.9,stable,2.9799999999990945,1.9999999999997797,transitioning
2025-02-21,good,1,1073.965694618646,6,3,3,100.0,0.0,27.682004004299838,8.6,12.7,12.6,stable,4.79999999999962,4.666666666666153,transitioning
2025-02-23,neutral,0,0.0,6,4,2,66.66666666666667,0.0,17.28391301314383,9.7,12.2,15.5,contracting,3.7749999999997508,8.650000000000047,transitioning
2025-02-24,bad,1,-1175.4065688610567,6,5,1,75.0,,34.21776144485182,4.5,7.2,7.6,contracting,1.5000000000000568,2.9999999999996696,transitioning
2025-02-25,neutral,0,0.0,6,4,2,100.0,100.0,20.51548517385343,6.7,10.7,10.1,stable,3.3250000000001334,6.500000000000394,trending_down
2025-02-26,neutral,0,0.0,6,4,2,66.66666666666667,0.0,38.91568177588847,10.8,15.3,13.9,stable,4.550000000000387,4.999999999999449,transitioning
2025-02-27,good,2,2160.449845820299,6,4,2,0.0,0.0,25.875478825671127,15.0,12.7,11.3,expanding,4.749999999999477,2.500000000000835,trending_up
2025-02-28,neutral,0,0.0,6,2,4,0.0,33.333333333333336,16.56739082093748,8.2,8.4,9.9,contracting,1.6999999999989246,3.949999999999787,transitioning
2025-03-02,neutral,0,0.0,6,2,4,100.0,33.333333333333336,18.470972786295295,13.4,10.1,11.2,stable,4.849999999999577,4.275000000000806,transitioning
2025-03-03,neutral,0,0.0,6,4,2,66.66666666666667,0.0,15.18704933429889,10.3,8.5,9.1,stable,2.274999999999916,2.4999999999997247,ranging
2025-03-04,neutral,0,0.0,6,3,3,0.0,0.0,14.201533457280759,19.0,14.8,14.7,expanding,3.9999999999995595,2.466666666666543,trending_up
2025-03-05,neutral,0,0.0,6,5,1,25.0,,29.726326947744624,26.3,21.6,17.0,expanding,11.859999999999538,10.000000000001119,transitioning
2025-03-06,neutral,0,0.0,6,2,4,0.0,33.333333333333336,26.447512043490175,28.9,21.7,18.5,expanding,7.300000000000084,2.7500000000002522,transitioning
2025-03-07,neutral,0,0.0,6,3,3,0.0,0.0,18.331182165646116,21.0,10.1,10.9,stable,7.3333333333332655,4.333333333332856,trending_up
2025-03-09,neutral,0,0.0,6,5,1,25.0,,27.306267041690024,19.0,22.0,17.9,stable,4.9399999999995,8.999999999999009,transitioning
2025-03-10,bad,2,-94.96231360985803,6,4,2,66.66666666666667,0.0,23.28314923199869,5.8,9.5,9.7,contracting,5.225000000000923,2.4999999999997247,transitioning
2025-03-11,neutral,0,0.0,6,4,2,33.333333333333336,0.0,34.02137651809187,18.2,20.9,21.2,contracting,10.399999999999853,13.900000000000023,transitioning
2025-03-12,neutral,0,0.0,6,2,4,100.0,33.333333333333336,20.168269259839175,13.6,17.1,12.2,stable,2.1999999999988695,8.00000000000023,transitioning
2025-03-13,neutral,0,0.0,6,4,2,66.66666666666667,100.0,25.30264724930507,12.8,11.7,11.0,expanding,2.649999999999597,5.0000000000005596,transitioning
2025-03-14,bad,1,-1179.537778728415,6,2,4,100.0,100.0,20.670364733738364,19.7,19.9,15.3,stable,9.649999999998826,5.749999999999922,trending_down
2025-03-16,neutral,0,0.0,6,5,1,0.0,,12.993080274323452,9.4,8.2,8.4,stable,1.120000000000676,2.9999999999996696,transitioning
2025-03-17,neutral,0,0.0,6,4,2,0.0,100.0,11.672392348406637,13.4,12.1,10.5,expanding,1.5999999999999348,1.4999999999998348,transitioning
2025-03-18,neutral,0,0.0,6,4,2,33.333333333333336,100.0,28.632146239877727,24.0,18.0,11.6,expanding,3.2249999999994783,5.500000000001615,transitioning
2025-03-19,neutral,0,0.0,6,3,3,100.0,100.0,35.69591839898791,20.3,15.9,10.4,expanding,3.8999999999996446,7.999999999999859,trending_down
2025-03-20,good,2,2170.876519149382,6,4,2,100.0,100.0,46.01037343262332,30.5,12.5,11.6,expanding,4.874999999999741,20.999999999999908,trending_down
2025-03-21,bad,2,-102.08855275623341,6,3,3,0.0,0.0,37.07417627566007,16.1,14.7,12.1,expanding,7.600000000000939,1.9999999999997797,trending_up
2025-03-23,neutral,0,0.0,6,5,1,100.0,,14.982077234549026,5.0,9.3,13.4,contracting,2.5400000000002088,25.999999999999357,transitioning
2025-03-24,neutral,0,0.0,6,3,3,0.0,50.0,39.13462539459207,15.1,17.8,12.3,stable,8.033333333333411,8.133333333333326,transitioning
2025-03-25,neutral,0,0.0,6,4,2,66.66666666666667,100.0,24.193965843356978,12.3,14.5,13.2,stable,4.7000000000002595,4.999999999999449,transitioning
2025-03-26,bad,2,-92.39720517469937,6,3,3,50.0,50.0,16.310862035263497,11.2,17.1,12.7,stable,7.933333333332755,6.333333333332636,ranging
2025-03-27,neutral,0,0.0,6,5,1,50.0,,18.50995264950154,6.6,4.9,10.1,stable,4.4599999999999085,13.000000000000789,transitioning
2025-03-28,neutral,0,0.0,6,4,2,33.333333333333336,0.0,25.76872531000131,23.2,20.5,10.9,expanding,7.300000000000084,6.499999999999284,transitioning
2025-03-30,neutral,0,0.0,6,4,2,0.0,100.0,13.560297143810894,7.0,6.7,8.2,stable,1.7999999999995797,5.0000000000005596,transitioning
2025-03-31,good,3,3336.268353291302,6,2,4,0.0,66.66666666666667,11.554673873442153,15.7,15.7,13.7,stable,5.349999999999522,3.8999999999994595,transitioning
2025-04-01,neutral,0,0.0,6,3,3,100.0,100.0,35.431579065140525,13.6,9.8,10.6,stable,7.566666666665907,6.999999999999969,trending_down
2025-04-02,neutral,0,0.0,6,3,3,100.0,50.0,23.101628029477933,10.4,12.8,10.9,stable,1.8666666666670533,5.666666666666782,transitioning
2025-04-03,neutral,0,0.0,6,3,3,0.0,50.0,36.256923909097566,28.3,36.3,25.2,stable,11.299999999999272,18.09999999999941,transitioning
2025-04-04,good,6,7002.428787060585,6,3,3,100.0,100.0,30.06541462729311,12.3,15.3,21.9,contracting,26.666666666666686,15.833333333332698,trending_down
2025-04-06,neutral,0,0.0,6,4,2,33.333333333333336,100.0,21.618023435875816,49.8,43.7,44.1,stable,6.825000000000303,12.900000000000134,transitioning
2025-04-07,good,5,989.439042763383,6,4,2,66.66666666666667,0.0,28.331970563789568,41.0,39.1,32.5,expanding,12.800000000000033,12.499999999999734,transitioning
2025-04-08,neutral,0,0.0,6,3,3,50.0,50.0,23.309855445778158,17.8,21.0,19.5,stable,11.666666666666861,11.666666666666861,ranging
2025-04-09,neutral,0,0.0,6,3,3,50.0,100.0,15.554039564440261,30.2,54.1,41.2,stable,23.766666666666936,10.566666666667057,transitioning
2025-04-10,neutral,0,0.0,6,4,2,33.333333333333336,100.0,22.795658736673207,38.0,24.3,22.1,expanding,7.150000000000212,8.900000000000574,transitioning
2025-04-11,neutral,0,0.0,6,3,3,0.0,0.0,28.72163688585518,27.3,38.3,37.4,stable,28.36666666666598,21.600000000000136,trending_up
2025-04-13,neutral,0,0.0,6,3,3,0.0,100.0,13.643806634081125,30.1,19.9,16.8,expanding,5.3999999999991095,4.366666666666408,transitioning
2025-04-14,neutral,0,0.0,6,3,3,50.0,50.0,30.592097179050498,15.3,14.5,23.2,stable,23.799999999999745,13.600000000000279,ranging
2025-04-15,neutral,0,0.0,6,3,3,50.0,0.0,31.444863080596402,19.8,18.4,20.0,stable,10.300000000000864,6.299999999999824,transitioning
2025-04-16,neutral,0,0.0,6,3,3,0.0,50.0,34.06815492602785,13.0,22.5,21.8,stable,4.39999999999922,9.000000000000488,transitioning
2025-04-17,neutral,0,0.0,6,2,4,0.0,33.333333333333336,24.572144619982026,4.2,18.3,15.8,stable,11.600000000000499,9.974999999999845,transitioning
2025-04-20,neutral,0,0.0,6,3,3,0.0,0.0,13.762346757041449,14.4,10.2,12.7,stable,5.933333333332976,4.20000000000013,trending_up
2025-04-21,neutral,0,0.0,6,4,2,33.333333333333336,0.0,30.548709310885148,27.4,17.1,16.8,expanding,8.375000000000465,9.950000000000792,transitioning
2025-04-22,good,3,1102.8277725742194,6,3,3,100.0,100.0,26.589965251025486,31.7,27.3,18.1,expanding,6.766666666666588,15.599999999999318,trending_down
2025-04-23,neutral,0,0.0,6,3,3,0.0,100.0,25.34021237206952,27.4,21.7,20.6,expanding,4.700000000000444,6.099999999999994,transitioning
2025-04-24,neutral,0,0.0,6,2,4,0.0,0.0,18.370882483373936,10.9,12.0,9.1,stable,8.900000000000574,4.799999999999804,trending_up
2025-04-25,neutral,0,0.0,6,4,2,33.333333333333336,0.0,32.82730545902749,19.4,33.6,26.1,stable,9.324999999999472,10.499999999999954,transitioning
2025-04-27,neutral,0,0.0,6,4,2,33.333333333333336,0.0,15.425142285785611,10.0,8.0,8.2,stable,6.5749999999997755,5.0000000000005596,transitioning
2025-04-28,neutral,0,0.0,6,4,2,66.66666666666667,0.0,30.88491417668692,8.7,17.1,22.2,contracting,9.150000000000546,10.000000000000009,transitioning
2025-04-29,good,2,2453.024369716895,6,3,3,50.0,100.0,19.55570610217565,20.2,17.1,14.8,expanding,1.6999999999992947,4.933333333332346,transitioning
2025-04-30,good,2,2510.1738258337605,6,2,4,100.0,66.66666666666667,18.078520188805808,13.6,19.2,16.7,stable,10.150000000000992,7.849999999999802,transitioning
2025-05-01,bad,2,-126.22392873138779,6,3,3,0.0,50.0,24.329376237124062,1.0,17.5,18.5,contracting,7.400000000000369,15.23333333333395,transitioning
2025-05-02,neutral,0,0.0,6,4,2,66.66666666666667,100.0,24.51863239892045,4.3,11.8,11.1,stable,5.175000000000596,4.300000000000415,transitioning
2025-05-04,neutral,0,0.0,6,4,2,66.66666666666667,0.0,20.980875527716083,3.0,6.0,9.2,contracting,8.49999999999962,6.999999999999229,transitioning
2025-05-05,neutral,0,0.0,6,2,4,0.0,33.333333333333336,24.002821474866433,9.1,10.1,12.8,contracting,6.000000000000449,4.975000000000396,transitioning
2025-05-06,neutral,0,0.0,6,4,2,0.0,0.0,28.262814798186422,28.2,17.3,15.1,expanding,10.824999999999863,8.500000000000174,trending_up
2025-05-07,bad,2,-127.71592152472613,6,4,2,66.66666666666667,100.0,19.407233758063498,14.3,11.9,12.6,stable,3.475000000000006,6.349999999999412,transitioning
2025-05-08,bad,1,-1366.3670970586022,6,3,3,50.0,50.0,37.89629929199801,20.6,21.2,25.0,contracting,22.266666666665987,26.933333333332882,ranging
2025-05-09,neutral,0,0.0,6,4,2,0.0,0.0,20.734506397307904,31.5,18.1,17.2,expanding,8.449999999999847,7.949999999999902,trending_up
2025-05-11,neutral,0,0.0,6,4,2,100.0,100.0,20.82566507023839,5.1,6.8,7.0,contracting,3.149999999999542,5.499999999999394,trending_down
2025-05-12,good,4,2410.7921217569883,6,3,3,50.0,50.0,26.946693643691628,129.8,53.6,37.7,expanding,6.60000000000031,43.133333333334654,ranging
2025-05-13,neutral,0,0.0,6,3,3,50.0,50.0,22.999927180511364,13.1,15.1,13.2,stable,3.7666666666676583,3.3666666666657776,ranging
2025-05-14,good,5,1040.8155265434748,6,3,3,0.0,0.0,13.645466023496823,25.1,20.6,19.9,expanding,5.533333333333316,6.833333333333691,trending_up
2025-05-15,neutral,0,0.0,6,2,4,0.0,66.66666666666667,22.430826224104482,25.9,29.3,19.8,stable,14.900000000001024,9.2749999999997,transitioning
2025-05-16,bad,2,-118.76574239643423,6,4,2,66.66666666666667,100.0,21.382974407631547,9.0,9.6,10.8,contracting,2.349999999999297,3.4999999999996145,transitioning
2025-05-18,neutral,0,0.0,6,3,3,50.0,50.0,17.10394094654757,5.2,7.4,7.1,stable,4.700000000000444,4.833333333334651,ranging
2025-05-19,neutral,0,0.0,6,3,3,0.0,0.0,26.419188109939892,12.8,27.7,23.2,stable,24.166666666666597,23.20000000000026,trending_up
2025-05-20,neutral,0,0.0,6,3,3,0.0,50.0,15.832156376726767,19.0,17.7,17.3,expanding,4.466666666666323,4.333333333332856,transitioning
2025-05-21,neutral,0,0.0,6,4,2,33.333333333333336,100.0,34.13511342728776,37.1,39.5,30.8,stable,11.349999999999415,2.549999999998942,transitioning
2025-05-22,neutral,0,0.0,6,3,3,50.0,50.0,12.859871519845008,17.6,20.4,15.8,stable,1.7666666666663982,5.533333333333316,ranging
2025-05-23,neutral,0,0.0,6,5,1,25.0,,30.670642506454353,41.8,29.4,24.0,expanding,10.540000000000216,12.000000000000899,transitioning
2025-05-25,neutral,0,0.0,6,4,2,0.0,0.0,18.309407646289383,10.0,8.8,9.3,stable,1.7000000000000348,5.999999999999339,trending_up
2025-05-26,neutral,0,0.0,6,3,3,100.0,100.0,20.289305112142753,10.5,10.7,12.9,contracting,5.866666666666613,6.366666666666927,trending_down
2025-05-27,good,3,3900.064694951365,6,2,4,100.0,66.66666666666667,32.60830969840356,37.2,25.2,21.4,expanding,19.050000000000455,16.750000000000377,transitioning
2025-05-28,bad,2,-83.96058420933377,6,3,3,0.0,0.0,28.144648296977213,3.5,15.3,15.0,stable,6.566666666666017,11.499999999999844,trending_up
2025-05-29,neutral,0,0.0,6,4,2,0.0,0.0,23.45337599105679,13.7,23.4,19.1,stable,9.42499999999957,19.999999999998906,trending_up
2025-05-30,bad,1,-1441.2988170884878,6,3,3,0.0,50.0,14.49223814451284,13.7,18.7,14.8,stable,3.2000000000002395,4.633333333333341,transitioning
2025-06-01,neutral,0,0.0,6,4,2,66.66666666666667,100.0,14.021414643312289,16.1,9.1,11.8,stable,4.050000000000442,13.550000000001061,transitioning
2025-06-02,neutral,0,0.0,6,4,2,0.0,0.0,44.63395305715475,18.5,28.2,23.4,stable,13.524999999999789,25.00000000000058,trending_up
2025-06-03,bad,2,-111.38586108434129,6,4,2,100.0,0.0,17.44534792810074,7.8,13.9,18.2,contracting,5.925000000000513,0.9999999999998899,transitioning
2025-06-04,neutral,0,0.0,6,3,3,50.0,50.0,25.974893919915814,17.3,12.9,12.8,expanding,12.40000000000056,10.133333333333105,ranging
2025-06-05,neutral,0,0.0,6,2,4,0.0,33.333333333333336,17.97093447852816,17.4,21.5,17.7,stable,12.149999999999661,5.600000000000049,transitioning
2025-06-06,bad,2,-116.58162296129149,6,4,2,100.0,100.0,38.29818560916774,17.7,20.0,17.8,stable,6.5749999999997755,13.500000000000734,trending_down
2025-06-08,neutral,0,0.0,6,4,2,66.66666666666667,100.0,13.838574782568413,3.0,6.9,7.6,contracting,1.8999999999996797,1.9999999999997797,transitioning
2025-06-09,neutral,0,0.0,6,3,3,50.0,0.0,22.87735506591436,9.4,12.1,12.4,contracting,5.233333333332831,4.000000000000299,transitioning
2025-06-10,good,3,1181.1959747238477,6,1,5,,50.0,42.2171744628487,11.4,13.9,29.0,contracting,69.20000000000037,17.53999999999989,transitioning
2025-06-11,neutral,0,0.0,6,3,3,100.0,50.0,20.312204206063214,8.2,13.3,14.2,contracting,7.199999999999059,7.3333333333332655,transitioning
2025-06-12,neutral,0,0.0,6,4,2,66.66666666666667,100.0,30.297348182275858,26.2,28.6,24.8,stable,10.47499999999979,27.099999999999902,transitioning
2025-06-13,neutral,0,0.0,6,4,2,33.333333333333336,0.0,18.369505133126207,27.9,23.5,24.2,stable,8.424999999999127,14.699999999998603,transitioning
2025-06-16,neutral,0,0.0,6,3,3,50.0,0.0,40.26772896377677,8.6,11.6,16.8,contracting,6.366666666666927,10.63333333333416,transitioning
2025-06-17,good,3,4004.5873937280003,6,3,3,100.0,100.0,22.17959157745696,21.7,23.0,20.4,stable,1.7666666666671382,5.900000000000165,trending_down
2025-06-18,neutral,0,0.0,6,2,4,0.0,33.333333333333336,30.084108361452095,24.7,21.4,20.8,expanding,7.5499999999995016,7.150000000000767,transitioning
2025-06-19,neutral,0,0.0,6,3,3,0.0,100.0,25.600386907030288,35.4,24.6,20.3,expanding,11.933333333333797,3.333333333332966,transitioning
2025-06-20,neutral,0,0.0,6,2,4,100.0,33.333333333333336,27.368990335527812,8.2,10.2,20.5,contracting,10.000000000000009,9.94999999999968,transitioning
2025-06-22,neutral,0,0.0,6,5,1,50.0,,18.00378073647727,5.0,7.4,7.9,contracting,7.159999999999833,3.4000000000000696,transitioning
2025-06-23,neutral,0,0.0,6,2,4,100.0,0.0,28.563086963743515,13.1,15.6,17.2,contracting,4.850000000000687,7.27499999999992,transitioning
2025-06-24,neutral,0,0.0,6,2,4,100.0,66.66666666666667,29.038362305758522,23.8,22.0,17.6,expanding,3.4000000000000696,10.100000000000666,transitioning
2025-06-25,neutral,0,0.0,6,5,1,50.0,,20.850144255574453,29.0,20.8,18.2,expanding,5.079999999999973,3.9999999999995595,transitioning
2025-06-26,neutral,0,0.0,6,3,3,0.0,50.0,21.237965999548553,21.4,26.1,19.0,stable,14.500000000000254,9.23333333333313,transitioning
2025-06-27,neutral,0,0.0,6,3,3,0.0,0.0,27.649548524635566,11.2,6.7,9.7,stable,5.033333333333001,9.900000000000464,trending_up
2025-06-29,neutral,0,0.0,6,4,2,0.0,0.0,28.601354395912782,20.0,18.9,16.6,expanding,8.799999999999919,11.899999999999133,trending_up
2025-06-30,neutral,0,0.0,6,1,5,,75.0,22.79132577767204,34.1,24.8,21.4,expanding,2.20000000000109,7.200000000000095,transitioning
2025-07-01,neutral,0,0.0,6,3,3,0.0,50.0,15.225389608927214,18.5,18.3,16.3,expanding,6.733333333333036,8.500000000000174,transitioning
2025-07-02,good,5,4015.5956718934,6,4,2,100.0,100.0,30.000302836786982,10.1,7.1,7.4,stable,5.000000000000004,10.050000000000336,trending_down
2025-07-03,neutral,0,0.0,6,3,3,0.0,0.0,38.38884303401329,23.2,25.8,19.7,stable,15.400000000000228,9.99999999999964,trending_up
2025-07-04,good,1,1395.0290657798591,6,2,4,100.0,100.0,27.55429088822621,22.0,16.3,13.3,expanding,1.60000000000049,5.749999999999922,trending_down
2025-07-06,neutral,0,0.0,6,1,5,,75.0,43.915045863021874,18.0,10.5,8.0,expanding,6.999999999999229,6.139999999999368,transitioning
2025-07-07,good,2,2839.5553426224487,6,3,3,50.0,50.0,25.77584271398636,11.5,15.6,16.0,contracting,5.233333333332831,4.899999999999534,ranging
2025-07-08,good,2,2884.397776675166,6,3,3,0.0,0.0,19.196033415712147,14.0,15.8,13.4,stable,4.366666666667148,3.4000000000000696,transitioning
2025-07-09,neutral,0,0.0,6,3,3,0.0,50.0,28.276129472262856,25.3,13.0,18.5,stable,10.433333333333591,13.999999999999938,transitioning
2025-07-10,good,1,1466.087399610259,6,4,2,33.333333333333336,100.0,17.658900972400797,19.5,15.1,13.3,expanding,3.4250000000002334,2.60000000000038,transitioning
2025-07-11,good,1,1481.801190920629,6,3,3,50.0,100.0,22.716819742604468,26.0,19.2,18.1,expanding,7.799999999999289,7.3333333333332655,transitioning
2025-07-13,neutral,0,0.0,6,4,2,66.66666666666667,100.0,21.79413545376327,2.9,8.1,7.8,stable,4.924999999998958,3.549999999999942,transitioning
2025-07-14,good,2,3008.3673027267923,6,4,2,33.333333333333336,100.0,31.533817966286847,37.3,25.9,16.5,expanding,16.07500000000095,17.000000000000348,transitioning
2025-07-15,bad,1,-1658.4222715938656,6,4,2,0.0,0.0,25.49781864706115,8.6,11.2,10.3,stable,4.724999999999868,7.000000000000339,trending_up
2025-07-16,neutral,0,0.0,6,4,2,33.333333333333336,0.0,25.092544222960644,7.4,16.2,14.6,stable,8.050000000000557,7.500000000000284,transitioning
2025-07-17,neutral,0,0.0,6,3,3,50.0,50.0,26.44459801227433,20.1,11.2,15.9,stable,10.766666666666888,8.333333333333156,ranging
2025-07-18,neutral,0,0.0,6,4,2,33.333333333333336,100.0,37.099333536007734,8.4,9.3,12.5,contracting,8.650000000000603,8.700000000000374,transitioning
2025-07-20,neutral,0,0.0,6,4,2,100.0,100.0,33.79801728948508,14.5,10.9,9.0,expanding,1.3250000000003537,6.249999999999867,trending_down
2025-07-21,neutral,0,0.0,6,3,3,50.0,50.0,30.68165606614356,12.9,9.0,12.1,stable,11.066666666666633,6.099999999999994,ranging
2025-07-22,neutral,0,0.0,6,3,3,0.0,100.0,19.972443317778943,13.9,10.7,9.4,expanding,0.3666666666661082,2.2000000000003497,transitioning
2025-07-23,neutral,0,0.0,6,3,3,50.0,0.0,17.499269242226948,12.4,23.0,16.2,stable,8.23333333333324,8.59999999999935,transitioning
2025-07-24,good,3,4553.886989478348,6,3,3,100.0,50.0,22.611278235574062,12.9,8.4,8.3,expanding,5.533333333333316,8.500000000000174,transitioning
2025-07-25,good,3,4703.3379464998625,6,4,2,100.0,100.0,19.5820367683335,20.1,12.1,14.1,stable,4.725000000000423,8.00000000000023,trending_down
2025-07-27,neutral,0,0.0,6,3,3,50.0,50.0,17.264309445643114,13.0,8.7,8.3,expanding,3.266666666666603,4.3999999999999595,ranging
2025-07-28,good,1,1596.7361218787228,6,3,3,50.0,50.0,29.13338932868066,25.7,23.6,16.5,expanding,3.300000000000155,15.03333333333264,ranging
2025-07-29,neutral,0,0.0,6,2,4,100.0,100.0,21.91424201290059,18.3,14.0,18.2,stable,10.300000000000864,7.199999999999984,trending_down
2025-07-30,good,3,1491.1421474778022,6,3,3,0.0,0.0,22.19752563343127,10.3,12.3,11.1,stable,5.366666666666298,4.20000000000013,trending_up
2025-07-31,good,2,3288.36264280679,6,3,3,100.0,50.0,18.98385807396333,19.3,23.0,17.7,stable,9.83333333333336,9.799999999999809,transitioning
2025-08-01,neutral,0,0.0,6,2,4,100.0,66.66666666666667,15.572360742143218,11.1,15.1,11.7,stable,7.399999999999629,2.7500000000008074,transitioning
2025-08-03,neutral,0,0.0,6,4,2,33.333333333333336,0.0,24.317574440343446,21.9,47.5,36.9,stable,20.350000000000094,27.400000000000755,transitioning
2025-08-04,neutral,0,0.0,6,3,3,100.0,100.0,17.812928026459208,20.6,23.2,21.1,stable,5.133333333333656,3.1999999999994997,trending_down
2025-08-05,neutral,0,0.0,6,2,4,0.0,66.66666666666667,22.022634031946595,36.2,27.2,22.4,expanding,4.049999999999887,4.749999999999477,transitioning
2025-08-06,neutral,0,0.0,6,4,2,33.333333333333336,100.0,22.028425647063656,14.2,14.5,10.0,stable,4.149999999999432,10.000000000000009,transitioning
2025-08-07,neutral,0,0.0,6,4,2,33.333333333333336,0.0,32.42436407132725,13.8,11.6,10.4,expanding,2.674999999999761,1.9999999999997797,transitioning
2025-08-08,neutral,0,0.0,6,4,2,33.333333333333336,0.0,36.25135831113794,10.9,10.4,8.5,expanding,7.47500000000012,2.500000000000835,ranging
2025-08-10,neutral,0,0.0,6,4,2,66.66666666666667,0.0,15.833952195491067,9.2,8.5,9.3,stable,1.8000000000001348,1.9999999999997797,transitioning
2025-08-11,neutral,0,0.0,6,4,2,33.333333333333336,100.0,39.79985745131925,18.6,11.8,9.1,expanding,5.950000000000677,8.00000000000023,transitioning
2025-08-12,neutral,0,0.0,6,3,3,0.0,0.0,22.642224112690258,20.9,15.6,15.7,stable,4.733333333333256,6.699999999999484,trending_up
2025-08-13,neutral,0,0.0,6,4,2,0.0,0.0,29.481504065395637,42.4,30.7,19.9,expanding,10.30000000000031,4.499999999999504,trending_up
2025-08-14,good,2,3347.013716733155,6,3,3,0.0,50.0,21.062964457522988,24.3,19.5,17.8,expanding,5.1000000000001044,4.666666666666153,transitioning
2025-08-15,neutral,0,0.0,6,4,2,0.0,0.0,21.85038010293343,15.3,14.9,15.2,stable,3.1000000000003247,5.5000000000005045,trending_up
2025-08-17,neutral,0,0.0,6,4,2,33.333333333333336,100.0,25.428219347786676,11.0,10.7,9.5,expanding,1.4250000000010088,0.9499999999995623,transitioning
2025-08-18,neutral,0,0.0,6,3,3,50.0,0.0,33.10674913418426,8.0,10.2,12.4,contracting,7.533333333333096,8.333333333332416,transitioning
2025-08-19,good,3,1515.271001240725,6,3,3,0.0,0.0,26.903113370530946,8.1,9.8,12.0,contracting,8.20000000000043,6.566666666666017,trending_up
2025-08-20,good,1,1703.2652889668145,6,3,3,50.0,50.0,37.96530667661742,18.0,20.1,20.6,contracting,11.133333333332994,7.999999999999859,ranging
2025-08-21,bad,1,-1837.0511537624848,6,5,1,50.0,,14.997433184460446,14.0,8.2,9.7,stable,5.7600000000008755,3.9999999999995595,transitioning
2025-08-22,neutral,0,0.0,6,2,4,0.0,66.66666666666667,30.335689200293302,8.0,5.6,6.5,stable,7.000000000000339,4.000000000000115,transitioning
2025-08-24,neutral,0,0.0,6,2,4,100.0,100.0,26.135185351046193,8.0,8.1,14.7,contracting,10.000000000000009,4.5000000000000595,trending_down
2025-08-25,bad,2,-174.80722911304747,6,4,2,66.66666666666667,0.0,28.950664913126506,6.5,10.8,11.2,contracting,6.9750000000001755,0.9999999999998899,transitioning
2025-08-26,neutral,0,0.0,6,3,3,50.0,50.0,20.106165170449476,13.9,25.0,22.8,stable,1.3999999999995498,10.566666666666316,ranging
2025-08-27,neutral,0,0.0,6,4,2,66.66666666666667,100.0,36.947832241086516,13.7,14.9,16.0,contracting,5.425000000000013,14.399999999999968,transitioning
2025-08-28,neutral,0,0.0,6,4,2,66.66666666666667,0.0,22.951063936008385,0.5,6.3,7.1,contracting,5.924999999999958,3.80000000000158,transitioning
2025-08-29,neutral,0,0.0,6,2,4,0.0,66.66666666666667,16.77071983851785,19.2,13.9,12.1,expanding,1.60000000000049,4.249999999999532,transitioning
2025-08-31,neutral,0,0.0,6,3,3,0.0,0.0,15.786544062763392,6.7,10.6,7.8,stable,4.333333333334337,3.9666666666660078,trending_up
2025-09-01,neutral,0,0.0,6,2,4,0.0,66.66666666666667,17.70998993235736,27.0,20.3,17.2,expanding,6.800000000000139,5.449999999999622,transitioning
2025-09-02,good,3,5189.878105730833,6,4,2,33.333333333333336,100.0,20.17414594011346,108.9,44.3,27.4,expanding,3.750000000000142,50.44999999999966,transitioning
2025-09-03,neutral,0,0.0,6,3,3,0.0,100.0,21.824987362113603,58.8,36.4,21.6,expanding,6.633333333333121,12.299999999999903,transitioning
2025-09-04,neutral,0,0.0,6,3,3,50.0,50.0,18.43414580690702,18.2,18.6,14.6,stable,6.266666666667013,6.533333333333206,ranging
2025-09-05,neutral,0,0.0,6,3,3,50.0,50.0,26.274441612936347,13.8,18.6,17.5,stable,6.766666666667327,5.3999999999991095,ranging
2025-09-07,neutral,0,0.0,6,4,2,33.333333333333336,0.0,32.639145018608474,11.0,8.1,10.1,stable,3.6250000000004334,5.999999999999339,transitioning
2025-09-08,neutral,0,0.0,6,3,3,50.0,50.0,26.20876082917547,16.1,13.1,12.7,expanding,5.233333333333571,2.666666666666373,ranging
2025-09-09,good,2,3516.407748422088,6,3,3,50.0,50.0,24.74516188993076,12.0,14.3,14.8,contracting,5.899999999998684,6.666666666667413,ranging
2025-09-10,neutral,0,0.0,6,3,3,100.0,50.0,26.907740922875178,7.1,14.6,16.7,contracting,2.0333333333333314,12.866666666665841,transitioning
2025-09-11,neutral,0,0.0,6,4,2,33.333333333333336,100.0,17.046718304474865,19.3,14.5,13.9,expanding,1.574999999999771,3.4999999999996145,transitioning
2025-09-12,bad,1,-1928.3082289118372,6,3,3,50.0,50.0,25.82292194439242,8.4,19.0,19.0,stable,7.6333333333330105,7.566666666665907,ranging
2025-09-14,neutral,0,0.0,6,3,3,50.0,100.0,20.266769944827953,21.4,9.9,7.6,expanding,1.5999999999986396,8.80000000000066,transitioning
2025-09-15,neutral,0,0.0,6,5,1,75.0,,25.90878349107643,8.9,12.0,11.0,stable,8.57999999999981,17.399999999998528,transitioning
2025-09-16,neutral,0,0.0,6,4,2,0.0,0.0,24.56247846703724,12.7,13.5,12.2,stable,3.750000000000142,7.000000000000339,trending_up
2025-09-17,neutral,0,0.0,6,3,3,100.0,50.0,15.988312882399804,8.3,10.8,9.5,stable,4.300000000000044,3.866666666666093,transitioning
2025-09-18,good,3,5372.482936025804,6,4,2,33.333333333333336,0.0,39.675583283391596,48.1,27.3,20.8,expanding,13.149999999999551,7.1499999999991015,transitioning
2025-09-19,good,1,1837.8427622312631,6,3,3,50.0,100.0,35.32573002738868,30.4,26.2,27.2,stable,14.966666666667015,20.766666666666527,transitioning
2025-09-21,neutral,0,0.0,6,3,3,50.0,50.0,15.858163997040693,9.0,8.7,8.0,expanding,3.0666666666675133,1.9999999999997797,ranging
2025-09-22,neutral,0,0.0,6,3,3,50.0,0.0,32.08495694677251,12.6,13.2,16.3,contracting,5.866666666667353,8.566666666667277,transitioning
2025-09-23,neutral,0,0.0,6,4,2,33.333333333333336,0.0,15.297811189335874,19.9,18.2,16.1,expanding,6.324999999999803,0.7000000000012552,transitioning
2025-09-24,good,1,1847.518759368318,6,5,1,75.0,,26.140056163771874,2.6,4.3,8.7,contracting,5.160000000000053,8.40000000000174,transitioning
2025-09-25,bad,2,-184.07726084855108,6,5,1,50.0,,19.741072067197752,11.1,10.5,7.7,expanding,5.2600000000007086,4.999999999999449,transitioning
2025-09-26,neutral,0,0.0,6,3,3,50.0,50.0,14.940262797348716,12.5,17.0,15.4,stable,7.766666666667217,2.5333333333329064,ranging
2025-09-28,neutral,0,0.0,6,4,2,33.333333333333336,100.0,11.955956873094534,6.0,7.3,6.5,stable,2.249999999999752,0.9999999999998899,transitioning
2025-09-29,neutral,0,0.0,6,4,2,0.0,0.0,17.662608146850715,12.0,12.1,9.6,stable,2.4000000000001798,2.500000000000835,trending_up
2025-09-30,neutral,0,0.0,6,4,2,33.333333333333336,0.0,17.909317837141817,20.9,22.9,19.0,stable,6.200000000000094,2.0500000000001073,transitioning
2025-10-01,neutral,0,0.0,6,3,3,50.0,50.0,37.96144135298925,24.3,17.1,16.3,expanding,5.166666666667208,8.900000000000574,ranging
2025-10-02,good,2,3743.6743960521862,6,4,2,0.0,0.0,20.779614335521945,12.5,18.3,12.9,stable,5.624999999999658,8.00000000000023,trending_up
2025-10-03,neutral,0,0.0,6,2,4,0.0,33.333333333333336,20.9147066290958,24.1,14.7,11.0,expanding,12.050000000000116,4.249999999999532,transitioning
2025-10-05,neutral,0,0.0,6,5,1,50.0,,22.066871964884367,3.0,5.3,11.0,contracting,1.8399999999996197,16.00000000000046,transitioning
2025-10-06,neutral,0,0.0,6,3,3,50.0,50.0,16.840073040495508,11.7,19.9,18.6,stable,12.199999999999989,8.366666666667447,ranging
2025-10-07,neutral,0,0.0,6,3,3,100.0,50.0,47.3726461499877,10.1,17.7,15.4,stable,12.733333333333116,9.63333333333353,transitioning
2025-10-08,good,1,1897.3866191846066,6,3,3,0.0,0.0,21.038289511123917,8.3,13.0,11.3,stable,3.9999999999995595,3.6999999999998145,trending_up
2025-10-09,good,2,3860.6391994320256,6,3,3,100.0,100.0,32.19680836948951,24.0,32.2,19.6,stable,14.799999999999997,21.466666666666672,trending_down
2025-10-10,neutral,0,0.0,6,4,2,66.66666666666667,100.0,18.849402998053595,22.3,20.2,12.7,expanding,4.249999999999532,13.549999999999951,transitioning
2025-10-12,neutral,0,0.0,6,4,2,33.333333333333336,100.0,23.270084068677907,19.0,14.2,12.3,expanding,3.475000000001116,2.9999999999996696,transitioning
2025-10-13,neutral,0,0.0,6,3,3,100.0,50.0,24.90438156411093,11.0,12.8,18.6,contracting,9.333333333333785,8.666666666665712,transitioning
2025-10-14,neutral,0,0.0,6,2,4,100.0,100.0,50.15401897357527,31.2,25.4,28.1,stable,34.89999999999993,22.5000000000003,trending_down
2025-10-15,neutral,0,0.0,6,4,2,100.0,100.0,30.84465210285042,20.8,21.6,20.6,stable,6.949999999999457,4.900000000001015,trending_down
2025-10-16,neutral,0,0.0,6,3,3,50.0,0.0,25.17047513808023,13.6,16.5,16.8,contracting,6.299999999999824,5.333333333332746,transitioning
2025-10-17,good,2,3919.7435625375692,6,3,3,100.0,50.0,27.941117141924348,11.2,25.1,19.2,stable,10.333333333333675,14.333333333333236,transitioning
2025-10-19,neutral,0,0.0,6,3,3,50.0,100.0,16.72650145232956,12.2,10.7,9.5,expanding,3.8999999999996446,3.666666666667003,transitioning
2025-10-20,neutral,0,0.0,6,3,3,100.0,100.0,22.98641203050227,23.6,18.9,15.4,expanding,5.133333333333656,11.333333333332826,trending_down
2025-10-21,good,1,1992.1083940567235,6,3,3,50.0,0.0,29.689528278054933,16.1,14.0,14.1,stable,4.333333333333596,2.066666666666883,ranging
2025-10-22,neutral,0,0.0,6,5,1,75.0,,32.49321481530128,9.7,14.9,12.7,stable,8.380000000001164,44.800000000000395,transitioning
2025-10-23,bad,2,-204.18966235528933,6,3,3,100.0,50.0,31.843721856854987,9.2,11.0,13.8,contracting,6.399999999999739,5.066666666667293,transitioning
2025-10-24,bad,2,-188.33705372991562,6,3,3,50.0,50.0,29.19070152475111,12.6,11.5,13.5,stable,4.466666666666323,6.999999999999969,ranging
2025-10-26,neutral,0,0.0,6,3,3,100.0,50.0,21.500780362043574,2.2,2.8,7.0,contracting,2.9333333333333065,7.133333333333436,transitioning
2025-10-27,neutral,0,0.0,6,4,2,33.333333333333336,0.0,26.57453835015828,4.7,6.8,9.3,contracting,8.00000000000023,6.450000000000067,transitioning
2025-10-28,good,3,6058.480819611502,6,4,2,100.0,100.0,25.232302969614505,11.2,10.0,9.0,expanding,4.250000000000087,9.500000000000064,trending_down
2025-10-29,good,3,6283.808130477455,6,3,3,100.0,50.0,36.67469079705774,10.0,13.3,12.5,stable,4.433333333333511,5.733333333332406,transitioning
2025-10-30,neutral,0,0.0,6,4,2,66.66666666666667,100.0,28.936902860729017,17.0,16.6,12.2,expanding,3.4000000000000696,6.000000000000449,transitioning
2025-10-31,neutral,0,0.0,6,4,2,66.66666666666667,100.0,21.233598038014772,26.6,23.5,14.6,expanding,2.7500000000008074,14.499999999999513,transitioning
2025-11-02,neutral,0,0.0,6,3,3,0.0,0.0,15.004457253097868,14.0,8.9,9.1,stable,3.166666666666688,2.00000000000126,trending_up
2025-11-03,neutral,0,0.0,6,2,4,100.0,66.66666666666667,13.122877293762533,7.5,8.2,5.8,stable,4.699999999999704,1.4999999999998348,transitioning
2025-11-04,bad,2,-201.1967028923118,6,2,4,0.0,66.66666666666667,18.39851062925736,22.2,13.4,14.8,stable,9.549999999999281,1.7499999999998073,transitioning
2025-11-05,neutral,0,0.0,6,2,4,0.0,66.66666666666667,14.982622867346128,13.0,9.7,9.2,expanding,3.9999999999995595,3.0000000000002247,transitioning
2025-11-06,neutral,0,0.0,6,5,1,25.0,,18.08329122321358,11.9,12.6,10.2,stable,2.8999999999999027,2.900000000001235,transitioning
2025-11-07,neutral,0,0.0,6,4,2,66.66666666666667,100.0,14.293671407967343,10.0,8.0,7.1,expanding,1.9249999999998435,1.4999999999998348,transitioning
2025-11-09,neutral,0,0.0,6,4,2,33.333333333333336,0.0,18.947568241194546,6.6,4.3,4.9,stable,4.449999999999177,6.199999999999539,transitioning
2025-11-10,neutral,0,0.0,6,3,3,50.0,50.0,27.330714618124784,29.0,18.7,13.0,expanding,5.7999999999995095,7.133333333332696,ranging
2025-11-11,neutral,0,0.0,6,4,2,66.66666666666667,0.0,20.628449890798155,18.7,26.6,16.3,stable,8.499999999999064,22.79999999999949,transitioning
2025-11-12,good,3,1904.0216718860174,6,5,1,50.0,,22.739470579592407,19.2,16.6,11.9,expanding,2.4999999999995026,3.9999999999995595,transitioning
2025-11-13,neutral,0,0.0,6,2,4,0.0,66.66666666666667,18.848616411681636,23.0,13.5,10.7,expanding,2.5999999999992696,5.450000000000177,transitioning
2025-11-14,neutral,0,0.0,6,3,3,50.0,50.0,18.01784775346839,33.3,24.6,18.0,expanding,5.366666666666298,7.666666666666562,ranging
2025-11-16,neutral,0,0.0,6,4,2,33.333333333333336,0.0,10.479783445390419,5.0,8.7,12.4,contracting,1.6250000000000986,7.500000000000284,transitioning
2025-11-17,neutral,0,0.0,6,4,2,33.333333333333336,0.0,28.01321282719402,9.0,24.7,15.2,stable,7.800000000000584,25.000000000000576,transitioning
2025-11-18,neutral,0,0.0,6,4,2,33.333333333333336,100.0,23.522294200311894,16.0,11.8,9.3,expanding,1.40000000000029,6.500000000000394,transitioning
2025-11-19,good,4,4086.4628990091583,6,4,2,33.333333333333336,0.0,26.025163557794784,12.3,18.4,17.2,stable,2.5249999999998884,6.500000000000394,transitioning
2025-11-20,neutral,0,0.0,6,4,2,0.0,0.0,15.459866011495004,10.0,9.0,10.1,stable,1.9999999999997797,4.00000000000067,trending_up
2025-11-21,neutral,0,0.0,6,3,3,100.0,100.0,26.213482229324182,24.2,28.5,18.8,stable,3.3999999999993293,10.99999999999953,trending_down
2025-11-23,neutral,0,0.0,6,4,2,33.333333333333336,100.0,19.51117026111169,16.3,11.5,10.5,expanding,3.3249999999995783,4.650000000000487,transitioning
2025-11-24,neutral,0,0.0,6,2,4,100.0,66.66666666666667,23.870451723743656,13.0,14.3,12.2,stable,8.499999999999064,4.750000000000032,transitioning
2025-11-25,neutral,0,0.0,6,3,3,0.0,0.0,26.015357079179733,14.5,18.7,15.2,stable,8.83333333333347,11.333333333333565,trending_up
2025-11-26,neutral,0,0.0,6,2,4,100.0,100.0,15.752505695292081,30.2,22.2,17.1,expanding,4.900000000001015,5.249999999999977,trending_down
2025-11-27,neutral,0,0.0,6,3,3,50.0,100.0,19.02421059722344,36.0,22.7,16.8,expanding,3.00000000000041,10.000000000001119,transitioning
2025-11-28,neutral,0,0.0,6,3,3,100.0,100.0,29.766896269609063,6.7,6.7,8.8,stable,7.099999999999884,6.999999999999969,trending_down
2025-11-30,neutral,0,0.0,6,2,4,100.0,100.0,21.301246663224585,21.4,17.5,13.5,expanding,2.4999999999997247,5.249999999999977,trending_down
2025-12-01,neutral,0,0.0,6,3,3,0.0,0.0,26.195687042365776,15.1,8.7,8.6,expanding,7.6333333333330105,5.666666666666782,trending_up
2025-12-02,neutral,0,0.0,6,3,3,50.0,50.0,20.571856735980507,10.7,11.0,11.7,contracting,1.6333333333336715,1.3333333333331865,ranging
2025-12-03,neutral,0,0.0,6,2,4,0.0,0.0,30.979080386653862,16.0,14.0,10.0,expanding,12.499999999999734,3.5000000000001696,trending_up
2025-12-04,neutral,0,0.0,6,2,4,0.0,33.333333333333336,18.19078575211857,12.2,9.1,6.6,expanding,3.849999999999687,0.9999999999998899,transitioning
2025-12-05,neutral,0,0.0,6,5,1,25.0,,46.409086412555745,14.2,17.8,13.4,stable,6.759999999999877,0.9999999999998899,transitioning
2025-12-07,neutral,0,0.0,6,3,3,50.0,100.0,12.994880769949809,11.0,11.9,10.3,stable,2.5333333333343866,1.666666666666483,transitioning
2025-12-08,neutral,0,0.0,6,2,4,100.0,100.0,19.83134340250272,8.7,12.9,15.4,contracting,11.200000000000099,3.249999999999642,trending_down
2025-12-09,bad,2,-165.99376884071535,6,5,1,50.0,,12.77682000855159,8.6,8.9,7.1,stable,2.6799999999993496,0.9999999999998899,transitioning
2025-12-10,neutral,0,0.0,6,3,3,50.0,50.0,40.41323583941913,9.0,8.7,10.2,stable,4.666666666666893,6.999999999999969,ranging
2025-12-11,neutral,0,0.0,6,5,1,25.0,,22.01540385983695,11.1,8.7,7.9,expanding,4.419999999999646,6.999999999999229,transitioning
2025-12-12,bad,2,-210.83308083249858,6,3,3,100.0,50.0,19.98886004757548,9.4,15.5,12.4,stable,4.533333333334166,6.733333333333036,transitioning
2025-12-14,neutral,0,0.0,6,3,3,100.0,100.0,23.688607117184702,14.4,10.1,8.9,expanding,0.9999999999998899,3.7333333333333663,trending_down
2025-12-15,neutral,0,0.0,6,4,2,33.333333333333336,0.0,17.39324662289103,10.0,12.3,11.1,stable,3.249999999999642,2.00000000000089,transitioning
2025-12-16,neutral,0,0.0,6,3,3,50.0,100.0,16.626902882727485,16.6,13.2,10.4,expanding,4.666666666666893,1.1999999999997197,transitioning
2025-12-17,bad,2,-154.81329800268895,6,3,3,100.0,50.0,54.014712863866144,49.0,20.3,22.8,stable,8.99999999999975,20.000000000000018,transitioning
2025-12-18,neutral,0,0.0,6,3,3,0.0,50.0,14.46400305499077,12.1,13.0,10.5,stable,2.666666666666373,1.6333333333329314,transitioning
2025-12-19,neutral,0,0.0,6,4,2,66.66666666666667,100.0,17.659026288133457,17.0,13.3,13.7,stable,2.9999999999996696,3.9999999999995595,transitioning
2025-12-21,neutral,0,0.0,6,4,2,33.333333333333336,100.0,24.238084908919774,18.8,8.3,8.8,stable,5.274999999999586,11.900000000000244,transitioning
2025-12-22,neutral,0,0.0,6,3,3,50.0,50.0,15.814628648051643,9.7,8.8,8.4,expanding,1.8333333333335016,1.0333333333327015,ranging
2025-12-23,neutral,0,0.0,6,3,3,50.0,50.0,17.995842367526873,6.0,10.8,10.5,stable,5.866666666666613,5.333333333332746,ranging
2025-12-24,good,1,2172.170110290965,6,3,3,0.0,100.0,27.918137558970855,15.0,12.7,12.2,expanding,4.366666666667148,3.333333333332966,transitioning
2025-12-25,neutral,0,0.0,6,3,3,50.0,100.0,17.777481202724044,14.0,11.8,12.7,stable,2.666666666666373,5.599999999999679,transitioning
2025-12-26,neutral,0,0.0,6,4,2,100.0,100.0,33.04194701859449,4.0,11.4,12.4,contracting,6.999999999999784,10.000000000000009,trending_down
2025-12-28,neutral,0,0.0,6,2,4,100.0,66.66666666666667,23.905874907717806,17.5,13.9,12.6,expanding,6.350000000000522,6.125000000000713,transitioning
2025-12-29,neutral,0,0.0,6,3,3,50.0,100.0,19.515394022826154,15.0,13.2,13.9,stable,3.466666666667173,2.666666666666373,transitioning
2025-12-30,good,2,4425.442813754831,6,3,3,100.0,100.0,31.816486491588524,7.7,12.9,10.8,stable,6.566666666667498,8.999999999999009,trending_down
2025-12-31,bad,1,-2445.1213894493508,6,2,4,100.0,66.66666666666667,13.775977346366355,5.5,9.0,8.7,stable,3.750000000000142,3.0000000000002247,transitioning
